id,admin_id,action_type,table_name,record_id,description,details,created_at
1,1,CREATE_BRAND,brands,8,Created brand: Faherty,"{'brand_name': 'Faherty', 'default_unit': 'in'}",2025-07-04 04:34:59.290082
2,1,UPDATE,size_guide_entries,1,Size entry UPDATE: XS for Lululemon,"{'category': 'Tops', 'entry_id': 1, 'brand_name': 'Lululemon', 'size_label': 'XS', 'description': 'Size entry UPDATE: XS for Lululemon', 'measurements': {'neck': None, 'chest': '35-36', 'waist': None, 'sleeve': None}, 'size_guide_id': 5}",2025-07-23 15:07:21.273481
3,1,UPDATE,size_guide_entries,2,Size entry UPDATE: S for Lululemon,"{'category': 'Tops', 'entry_id': 2, 'brand_name': 'Lululemon', 'size_label': 'S', 'description': 'Size entry UPDATE: S for Lululemon', 'measurements': {'neck': None, 'chest': '37-38', 'waist': None, 'sleeve': None}, 'size_guide_id': 5}",2025-07-23 15:07:21.273481
4,1,UPDATE,size_guide_entries,3,Size entry UPDATE: M for Lululemon,"{'category': 'Tops', 'entry_id': 3, 'brand_name': 'Lululemon', 'size_label': 'M', 'description': 'Size entry UPDATE: M for Lululemon', 'measurements': {'neck': None, 'chest': '39-40', 'waist': None, 'sleeve': None}, 'size_guide_id': 5}",2025-07-23 15:07:21.273481
5,1,UPDATE,size_guide_entries,4,Size entry UPDATE: L for Lululemon,"{'category': 'Tops', 'entry_id': 4, 'brand_name': 'Lululemon', 'size_label': 'L', 'description': 'Size entry UPDATE: L for Lululemon', 'measurements': {'neck': None, 'chest': '41-42', 'waist': None, 'sleeve': None}, 'size_guide_id': 5}",2025-07-23 15:07:21.273481
6,1,UPDATE,size_guide_entries,5,Size entry UPDATE: XL for Lululemon,"{'category': 'Tops', 'entry_id': 5, 'brand_name': 'Lululemon', 'size_label': 'XL', 'description': 'Size entry UPDATE: XL for Lululemon', 'measurements': {'neck': None, 'chest': '43-45', 'waist': None, 'sleeve': None}, 'size_guide_id': 5}",2025-07-23 15:07:21.273481
7,1,UPDATE,size_guide_entries,6,Size entry UPDATE: XXS for Patagonia,"{'category': 'Tops', 'entry_id': 6, 'brand_name': 'Patagonia', 'size_label': 'XXS', 'description': 'Size entry UPDATE: XXS for Patagonia', 'measurements': {'neck': None, 'chest': '33-33', 'waist': None, 'sleeve': '30-30'}, 'size_guide_id': 6}",2025-07-23 15:07:21.273481
8,1,UPDATE,size_guide_entries,7,Size entry UPDATE: XS for Patagonia,"{'category': 'Tops', 'entry_id': 7, 'brand_name': 'Patagonia', 'size_label': 'XS', 'description': 'Size entry UPDATE: XS for Patagonia', 'measurements': {'neck': None, 'chest': '35-35', 'waist': None, 'sleeve': '32-32'}, 'size_guide_id': 6}",2025-07-23 15:07:21.273481
9,1,UPDATE,size_guide_entries,8,Size entry UPDATE: S for Patagonia,"{'category': 'Tops', 'entry_id': 8, 'brand_name': 'Patagonia', 'size_label': 'S', 'description': 'Size entry UPDATE: S for Patagonia', 'measurements': {'neck': None, 'chest': '37-37', 'waist': None, 'sleeve': '33-33'}, 'size_guide_id': 6}",2025-07-23 15:07:21.273481
10,1,UPDATE,size_guide_entries,9,Size entry UPDATE: M for Patagonia,"{'category': 'Tops', 'entry_id': 9, 'brand_name': 'Patagonia', 'size_label': 'M', 'description': 'Size entry UPDATE: M for Patagonia', 'measurements': {'neck': None, 'chest': '40-40', 'waist': None, 'sleeve': '34-34'}, 'size_guide_id': 6}",2025-07-23 15:07:21.273481
11,1,UPDATE,size_guide_entries,10,Size entry UPDATE: L for Patagonia,"{'category': 'Tops', 'entry_id': 10, 'brand_name': 'Patagonia', 'size_label': 'L', 'description': 'Size entry UPDATE: L for Patagonia', 'measurements': {'neck': None, 'chest': '44-44', 'waist': None, 'sleeve': '35-35'}, 'size_guide_id': 6}",2025-07-23 15:07:21.273481
12,1,UPDATE,size_guide_entries,11,Size entry UPDATE: XL for Patagonia,"{'category': 'Tops', 'entry_id': 11, 'brand_name': 'Patagonia', 'size_label': 'XL', 'description': 'Size entry UPDATE: XL for Patagonia', 'measurements': {'neck': None, 'chest': '47-47', 'waist': None, 'sleeve': '36-36'}, 'size_guide_id': 6}",2025-07-23 15:07:21.273481
13,1,UPDATE,size_guide_entries,12,Size entry UPDATE: XXL for Patagonia,"{'category': 'Tops', 'entry_id': 12, 'brand_name': 'Patagonia', 'size_label': 'XXL', 'description': 'Size entry UPDATE: XXL for Patagonia', 'measurements': {'neck': None, 'chest': '50-50', 'waist': None, 'sleeve': '37-37'}, 'size_guide_id': 6}",2025-07-23 15:07:21.273481
14,1,UPDATE,size_guide_entries,13,Size entry UPDATE: XXXL for Patagonia,"{'category': 'Tops', 'entry_id': 13, 'brand_name': 'Patagonia', 'size_label': 'XXXL', 'description': 'Size entry UPDATE: XXXL for Patagonia', 'measurements': {'neck': None, 'chest': '56-56', 'waist': None, 'sleeve': '37.5-37.5'}, 'size_guide_id': 6}",2025-07-23 15:07:21.273481
15,1,UPDATE,size_guide_entries,14,Size entry UPDATE: XS for J.Crew,"{'category': 'Tops', 'entry_id': 14, 'brand_name': 'J.Crew', 'size_label': 'XS', 'description': 'Size entry UPDATE: XS for J.Crew', 'measurements': {'neck': '13-13.5', 'chest': '32-34', 'waist': '26-28', 'sleeve': '31-32'}, 'size_guide_id': 7}",2025-07-23 15:07:21.273481
16,1,UPDATE,size_guide_entries,15,Size entry UPDATE: S for J.Crew,"{'category': 'Tops', 'entry_id': 15, 'brand_name': 'J.Crew', 'size_label': 'S', 'description': 'Size entry UPDATE: S for J.Crew', 'measurements': {'neck': '14-14.5', 'chest': '35-37', 'waist': '29-31', 'sleeve': '32-33'}, 'size_guide_id': 7}",2025-07-23 15:07:21.273481
17,1,UPDATE,size_guide_entries,16,Size entry UPDATE: M for J.Crew,"{'category': 'Tops', 'entry_id': 16, 'brand_name': 'J.Crew', 'size_label': 'M', 'description': 'Size entry UPDATE: M for J.Crew', 'measurements': {'neck': '15-15.5', 'chest': '38-40', 'waist': '32-34', 'sleeve': '33-34'}, 'size_guide_id': 7}",2025-07-23 15:07:21.273481
18,1,UPDATE,size_guide_entries,17,Size entry UPDATE: L for J.Crew,"{'category': 'Tops', 'entry_id': 17, 'brand_name': 'J.Crew', 'size_label': 'L', 'description': 'Size entry UPDATE: L for J.Crew', 'measurements': {'neck': '16-16.5', 'chest': '41-43', 'waist': '35-37', 'sleeve': '34-35'}, 'size_guide_id': 7}",2025-07-23 15:07:21.273481
19,1,UPDATE,size_guide_entries,18,Size entry UPDATE: XL for J.Crew,"{'category': 'Tops', 'entry_id': 18, 'brand_name': 'J.Crew', 'size_label': 'XL', 'description': 'Size entry UPDATE: XL for J.Crew', 'measurements': {'neck': '17-17.5', 'chest': '44-46', 'waist': '38-40', 'sleeve': '35-36'}, 'size_guide_id': 7}",2025-07-23 15:07:21.273481
20,1,UPDATE,size_guide_entries,19,Size entry UPDATE: XXL for J.Crew,"{'category': 'Tops', 'entry_id': 19, 'brand_name': 'J.Crew', 'size_label': 'XXL', 'description': 'Size entry UPDATE: XXL for J.Crew', 'measurements': {'neck': '18-18.5', 'chest': '47-49', 'waist': '41-43', 'sleeve': '36-37'}, 'size_guide_id': 7}",2025-07-23 15:07:21.273481
21,1,UPDATE,size_guide_entries,20,Size entry UPDATE: XXXL for J.Crew,"{'category': 'Tops', 'entry_id': 20, 'brand_name': 'J.Crew', 'size_label': 'XXXL', 'description': 'Size entry UPDATE: XXXL for J.Crew', 'measurements': {'neck': '18-18.5', 'chest': '50-52', 'waist': '44-45', 'sleeve': '36-37'}, 'size_guide_id': 7}",2025-07-23 15:07:21.273481
22,1,UPDATE,size_guide_entries,21,Size entry UPDATE: XXS for Banana Republic,"{'category': 'Tops', 'entry_id': 21, 'brand_name': 'Banana Republic', 'size_label': 'XXS', 'description': 'Size entry UPDATE: XXS for Banana Republic', 'measurements': {'neck': '13-13.5', 'chest': '32-33', 'waist': '25-26', 'sleeve': '31-31'}, 'size_guide_id': 8}",2025-07-23 15:07:21.273481
23,1,UPDATE,size_guide_entries,22,Size entry UPDATE: XS for Banana Republic,"{'category': 'Tops', 'entry_id': 22, 'brand_name': 'Banana Republic', 'size_label': 'XS', 'description': 'Size entry UPDATE: XS for Banana Republic', 'measurements': {'neck': '13-13.5', 'chest': '34-35', 'waist': '27-28', 'sleeve': '32-32'}, 'size_guide_id': 8}",2025-07-23 15:07:21.273481
24,1,UPDATE,size_guide_entries,23,Size entry UPDATE: S for Banana Republic,"{'category': 'Tops', 'entry_id': 23, 'brand_name': 'Banana Republic', 'size_label': 'S', 'description': 'Size entry UPDATE: S for Banana Republic', 'measurements': {'neck': '14-14.5', 'chest': '36-37', 'waist': '29-31', 'sleeve': '33-33'}, 'size_guide_id': 8}",2025-07-23 15:07:21.273481
25,1,UPDATE,size_guide_entries,24,Size entry UPDATE: M for Banana Republic,"{'category': 'Tops', 'entry_id': 24, 'brand_name': 'Banana Republic', 'size_label': 'M', 'description': 'Size entry UPDATE: M for Banana Republic', 'measurements': {'neck': '15-15.5', 'chest': '38-40', 'waist': '32-33', 'sleeve': '34-34'}, 'size_guide_id': 8}",2025-07-23 15:07:21.273481
26,1,UPDATE,size_guide_entries,25,Size entry UPDATE: L for Banana Republic,"{'category': 'Tops', 'entry_id': 25, 'brand_name': 'Banana Republic', 'size_label': 'L', 'description': 'Size entry UPDATE: L for Banana Republic', 'measurements': {'neck': '16-16.5', 'chest': '41-44', 'waist': '34-35', 'sleeve': '35-35'}, 'size_guide_id': 8}",2025-07-23 15:07:21.273481
27,1,UPDATE,size_guide_entries,26,Size entry UPDATE: XL for Banana Republic,"{'category': 'Tops', 'entry_id': 26, 'brand_name': 'Banana Republic', 'size_label': 'XL', 'description': 'Size entry UPDATE: XL for Banana Republic', 'measurements': {'neck': '17-17.5', 'chest': '45-48', 'waist': '36-37', 'sleeve': '35.5-35.5'}, 'size_guide_id': 8}",2025-07-23 15:07:21.273481
28,1,UPDATE,size_guide_entries,27,Size entry UPDATE: XXL for Banana Republic,"{'category': 'Tops', 'entry_id': 27, 'brand_name': 'Banana Republic', 'size_label': 'XXL', 'description': 'Size entry UPDATE: XXL for Banana Republic', 'measurements': {'neck': '18-18.5', 'chest': '49-52', 'waist': '38-39', 'sleeve': '36-36'}, 'size_guide_id': 8}",2025-07-23 15:07:21.273481
29,1,UPDATE,size_guide_entries,28,Size entry UPDATE: S for NN.07,"{'category': 'Tops', 'entry_id': 28, 'brand_name': 'NN.07', 'size_label': 'S', 'description': 'Size entry UPDATE: S for NN.07', 'measurements': {'neck': None, 'chest': '39.4-39.4', 'waist': None, 'sleeve': '34.6-34.6'}, 'size_guide_id': 9}",2025-07-23 15:07:21.273481
30,1,UPDATE,size_guide_entries,29,Size entry UPDATE: M for NN.07,"{'category': 'Tops', 'entry_id': 29, 'brand_name': 'NN.07', 'size_label': 'M', 'description': 'Size entry UPDATE: M for NN.07', 'measurements': {'neck': None, 'chest': '41.0-41.0', 'waist': None, 'sleeve': '35.0-35.0'}, 'size_guide_id': 9}",2025-07-23 15:07:21.273481
31,1,UPDATE,size_guide_entries,30,Size entry UPDATE: L for NN.07,"{'category': 'Tops', 'entry_id': 30, 'brand_name': 'NN.07', 'size_label': 'L', 'description': 'Size entry UPDATE: L for NN.07', 'measurements': {'neck': None, 'chest': '42.6-42.6', 'waist': None, 'sleeve': '35.4-35.4'}, 'size_guide_id': 9}",2025-07-23 15:07:21.273481
32,1,UPDATE,size_guide_entries,31,Size entry UPDATE: XL for NN.07,"{'category': 'Tops', 'entry_id': 31, 'brand_name': 'NN.07', 'size_label': 'XL', 'description': 'Size entry UPDATE: XL for NN.07', 'measurements': {'neck': None, 'chest': '44.0-44.0', 'waist': None, 'sleeve': '35.8-35.8'}, 'size_guide_id': 9}",2025-07-23 15:07:21.273481
33,1,UPDATE,size_guide_entries,32,Size entry UPDATE: XXL for NN.07,"{'category': 'Tops', 'entry_id': 32, 'brand_name': 'NN.07', 'size_label': 'XXL', 'description': 'Size entry UPDATE: XXL for NN.07', 'measurements': {'neck': None, 'chest': '46.4-46.4', 'waist': None, 'sleeve': '36.2-36.2'}, 'size_guide_id': 9}",2025-07-23 15:07:21.273481
34,1,UPDATE,size_guide_entries,33,Size entry UPDATE: XS for Faherty,"{'category': 'Tops', 'entry_id': 33, 'brand_name': 'Faherty', 'size_label': 'XS', 'description': 'Size entry UPDATE: XS for Faherty', 'measurements': {'neck': '14-14', 'chest': '34-36', 'waist': '26-28', 'sleeve': '32.5-33'}, 'size_guide_id': 10}",2025-07-23 15:07:21.273481
35,1,UPDATE,size_guide_entries,34,Size entry UPDATE: S for Faherty,"{'category': 'Tops', 'entry_id': 34, 'brand_name': 'Faherty', 'size_label': 'S', 'description': 'Size entry UPDATE: S for Faherty', 'measurements': {'neck': '14-14.5', 'chest': '37-39', 'waist': '28-30', 'sleeve': '32.5-34'}, 'size_guide_id': 10}",2025-07-23 15:07:21.273481
36,1,UPDATE,size_guide_entries,35,Size entry UPDATE: M for Faherty,"{'category': 'Tops', 'entry_id': 35, 'brand_name': 'Faherty', 'size_label': 'M', 'description': 'Size entry UPDATE: M for Faherty', 'measurements': {'neck': '15-15.5', 'chest': '40-41', 'waist': '31-33', 'sleeve': '34-35'}, 'size_guide_id': 10}",2025-07-23 15:07:21.273481
37,1,UPDATE,size_guide_entries,36,Size entry UPDATE: L for Faherty,"{'category': 'Tops', 'entry_id': 36, 'brand_name': 'Faherty', 'size_label': 'L', 'description': 'Size entry UPDATE: L for Faherty', 'measurements': {'neck': '16-16.5', 'chest': '42-44', 'waist': '34-36', 'sleeve': '35-36'}, 'size_guide_id': 10}",2025-07-23 15:07:21.273481
38,1,UPDATE,size_guide_entries,37,Size entry UPDATE: XL for Faherty,"{'category': 'Tops', 'entry_id': 37, 'brand_name': 'Faherty', 'size_label': 'XL', 'description': 'Size entry UPDATE: XL for Faherty', 'measurements': {'neck': '17-17.5', 'chest': '45-47', 'waist': '37-39', 'sleeve': '36-36.5'}, 'size_guide_id': 10}",2025-07-23 15:07:21.273481
39,1,UPDATE,size_guide_entries,38,Size entry UPDATE: XXL for Faherty,"{'category': 'Tops', 'entry_id': 38, 'brand_name': 'Faherty', 'size_label': 'XXL', 'description': 'Size entry UPDATE: XXL for Faherty', 'measurements': {'neck': '18-18.5', 'chest': '48-51', 'waist': '40-43', 'sleeve': '36.5-37'}, 'size_guide_id': 10}",2025-07-23 15:07:21.273481
40,1,UPDATE,size_guide_entries,39,Size entry UPDATE: XXXL for Faherty,"{'category': 'Tops', 'entry_id': 39, 'brand_name': 'Faherty', 'size_label': 'XXXL', 'description': 'Size entry UPDATE: XXXL for Faherty', 'measurements': {'neck': '19-19.5', 'chest': '52-54', 'waist': '44-47', 'sleeve': '37.5-38'}, 'size_guide_id': 10}",2025-07-23 15:07:21.273481
41,1,UPDATE,size_guide_entries,1,Size entry UPDATE: XS for Lululemon,"{'category': 'Tops', 'entry_id': 1, 'brand_name': 'Lululemon', 'size_label': 'XS', 'description': 'Size entry UPDATE: XS for Lululemon', 'measurements': {'neck': None, 'chest': '35-36', 'waist': None, 'sleeve': None}, 'size_guide_id': 5}",2025-07-23 15:08:17.510110
42,1,UPDATE,size_guide_entries,2,Size entry UPDATE: S for Lululemon,"{'category': 'Tops', 'entry_id': 2, 'brand_name': 'Lululemon', 'size_label': 'S', 'description': 'Size entry UPDATE: S for Lululemon', 'measurements': {'neck': None, 'chest': '37-38', 'waist': None, 'sleeve': None}, 'size_guide_id': 5}",2025-07-23 15:08:17.510110
43,1,UPDATE,size_guide_entries,3,Size entry UPDATE: M for Lululemon,"{'category': 'Tops', 'entry_id': 3, 'brand_name': 'Lululemon', 'size_label': 'M', 'description': 'Size entry UPDATE: M for Lululemon', 'measurements': {'neck': None, 'chest': '39-40', 'waist': None, 'sleeve': None}, 'size_guide_id': 5}",2025-07-23 15:08:17.510110
44,1,UPDATE,size_guide_entries,4,Size entry UPDATE: L for Lululemon,"{'category': 'Tops', 'entry_id': 4, 'brand_name': 'Lululemon', 'size_label': 'L', 'description': 'Size entry UPDATE: L for Lululemon', 'measurements': {'neck': None, 'chest': '41-42', 'waist': None, 'sleeve': None}, 'size_guide_id': 5}",2025-07-23 15:08:17.510110
45,1,UPDATE,size_guide_entries,5,Size entry UPDATE: XL for Lululemon,"{'category': 'Tops', 'entry_id': 5, 'brand_name': 'Lululemon', 'size_label': 'XL', 'description': 'Size entry UPDATE: XL for Lululemon', 'measurements': {'neck': None, 'chest': '43-45', 'waist': None, 'sleeve': None}, 'size_guide_id': 5}",2025-07-23 15:08:17.510110
46,1,UPDATE,size_guide_entries,6,Size entry UPDATE: XXS for Patagonia,"{'category': 'Tops', 'entry_id': 6, 'brand_name': 'Patagonia', 'size_label': 'XXS', 'description': 'Size entry UPDATE: XXS for Patagonia', 'measurements': {'neck': None, 'chest': '33-33', 'waist': None, 'sleeve': '30-30'}, 'size_guide_id': 6}",2025-07-23 15:08:17.510110
47,1,UPDATE,size_guide_entries,7,Size entry UPDATE: XS for Patagonia,"{'category': 'Tops', 'entry_id': 7, 'brand_name': 'Patagonia', 'size_label': 'XS', 'description': 'Size entry UPDATE: XS for Patagonia', 'measurements': {'neck': None, 'chest': '35-35', 'waist': None, 'sleeve': '32-32'}, 'size_guide_id': 6}",2025-07-23 15:08:17.510110
48,1,UPDATE,size_guide_entries,8,Size entry UPDATE: S for Patagonia,"{'category': 'Tops', 'entry_id': 8, 'brand_name': 'Patagonia', 'size_label': 'S', 'description': 'Size entry UPDATE: S for Patagonia', 'measurements': {'neck': None, 'chest': '37-37', 'waist': None, 'sleeve': '33-33'}, 'size_guide_id': 6}",2025-07-23 15:08:17.510110
49,1,UPDATE,size_guide_entries,9,Size entry UPDATE: M for Patagonia,"{'category': 'Tops', 'entry_id': 9, 'brand_name': 'Patagonia', 'size_label': 'M', 'description': 'Size entry UPDATE: M for Patagonia', 'measurements': {'neck': None, 'chest': '40-40', 'waist': None, 'sleeve': '34-34'}, 'size_guide_id': 6}",2025-07-23 15:08:17.510110
50,1,UPDATE,size_guide_entries,10,Size entry UPDATE: L for Patagonia,"{'category': 'Tops', 'entry_id': 10, 'brand_name': 'Patagonia', 'size_label': 'L', 'description': 'Size entry UPDATE: L for Patagonia', 'measurements': {'neck': None, 'chest': '44-44', 'waist': None, 'sleeve': '35-35'}, 'size_guide_id': 6}",2025-07-23 15:08:17.510110
51,1,UPDATE,size_guide_entries,11,Size entry UPDATE: XL for Patagonia,"{'category': 'Tops', 'entry_id': 11, 'brand_name': 'Patagonia', 'size_label': 'XL', 'description': 'Size entry UPDATE: XL for Patagonia', 'measurements': {'neck': None, 'chest': '47-47', 'waist': None, 'sleeve': '36-36'}, 'size_guide_id': 6}",2025-07-23 15:08:17.510110
52,1,UPDATE,size_guide_entries,12,Size entry UPDATE: XXL for Patagonia,"{'category': 'Tops', 'entry_id': 12, 'brand_name': 'Patagonia', 'size_label': 'XXL', 'description': 'Size entry UPDATE: XXL for Patagonia', 'measurements': {'neck': None, 'chest': '50-50', 'waist': None, 'sleeve': '37-37'}, 'size_guide_id': 6}",2025-07-23 15:08:17.510110
53,1,UPDATE,size_guide_entries,13,Size entry UPDATE: XXXL for Patagonia,"{'category': 'Tops', 'entry_id': 13, 'brand_name': 'Patagonia', 'size_label': 'XXXL', 'description': 'Size entry UPDATE: XXXL for Patagonia', 'measurements': {'neck': None, 'chest': '56-56', 'waist': None, 'sleeve': '37.5-37.5'}, 'size_guide_id': 6}",2025-07-23 15:08:17.510110
54,1,UPDATE,size_guide_entries,14,Size entry UPDATE: XS for J.Crew,"{'category': 'Tops', 'entry_id': 14, 'brand_name': 'J.Crew', 'size_label': 'XS', 'description': 'Size entry UPDATE: XS for J.Crew', 'measurements': {'neck': '13-13.5', 'chest': '32-34', 'waist': '26-28', 'sleeve': '31-32'}, 'size_guide_id': 7}",2025-07-23 15:08:17.510110
55,1,UPDATE,size_guide_entries,15,Size entry UPDATE: S for J.Crew,"{'category': 'Tops', 'entry_id': 15, 'brand_name': 'J.Crew', 'size_label': 'S', 'description': 'Size entry UPDATE: S for J.Crew', 'measurements': {'neck': '14-14.5', 'chest': '35-37', 'waist': '29-31', 'sleeve': '32-33'}, 'size_guide_id': 7}",2025-07-23 15:08:17.510110
56,1,UPDATE,size_guide_entries,16,Size entry UPDATE: M for J.Crew,"{'category': 'Tops', 'entry_id': 16, 'brand_name': 'J.Crew', 'size_label': 'M', 'description': 'Size entry UPDATE: M for J.Crew', 'measurements': {'neck': '15-15.5', 'chest': '38-40', 'waist': '32-34', 'sleeve': '33-34'}, 'size_guide_id': 7}",2025-07-23 15:08:17.510110
57,1,UPDATE,size_guide_entries,17,Size entry UPDATE: L for J.Crew,"{'category': 'Tops', 'entry_id': 17, 'brand_name': 'J.Crew', 'size_label': 'L', 'description': 'Size entry UPDATE: L for J.Crew', 'measurements': {'neck': '16-16.5', 'chest': '41-43', 'waist': '35-37', 'sleeve': '34-35'}, 'size_guide_id': 7}",2025-07-23 15:08:17.510110
58,1,UPDATE,size_guide_entries,18,Size entry UPDATE: XL for J.Crew,"{'category': 'Tops', 'entry_id': 18, 'brand_name': 'J.Crew', 'size_label': 'XL', 'description': 'Size entry UPDATE: XL for J.Crew', 'measurements': {'neck': '17-17.5', 'chest': '44-46', 'waist': '38-40', 'sleeve': '35-36'}, 'size_guide_id': 7}",2025-07-23 15:08:17.510110
59,1,UPDATE,size_guide_entries,19,Size entry UPDATE: XXL for J.Crew,"{'category': 'Tops', 'entry_id': 19, 'brand_name': 'J.Crew', 'size_label': 'XXL', 'description': 'Size entry UPDATE: XXL for J.Crew', 'measurements': {'neck': '18-18.5', 'chest': '47-49', 'waist': '41-43', 'sleeve': '36-37'}, 'size_guide_id': 7}",2025-07-23 15:08:17.510110
60,1,UPDATE,size_guide_entries,20,Size entry UPDATE: XXXL for J.Crew,"{'category': 'Tops', 'entry_id': 20, 'brand_name': 'J.Crew', 'size_label': 'XXXL', 'description': 'Size entry UPDATE: XXXL for J.Crew', 'measurements': {'neck': '18-18.5', 'chest': '50-52', 'waist': '44-45', 'sleeve': '36-37'}, 'size_guide_id': 7}",2025-07-23 15:08:17.510110
61,1,UPDATE,size_guide_entries,21,Size entry UPDATE: XXS for Banana Republic,"{'category': 'Tops', 'entry_id': 21, 'brand_name': 'Banana Republic', 'size_label': 'XXS', 'description': 'Size entry UPDATE: XXS for Banana Republic', 'measurements': {'neck': '13-13.5', 'chest': '32-33', 'waist': '25-26', 'sleeve': '31-31'}, 'size_guide_id': 8}",2025-07-23 15:08:17.510110
104,1,UPDATE,size_guide_entries,44,Size entry UPDATE: XL for Theory,"{'category': 'Tops', 'entry_id': 44, 'brand_name': 'Theory', 'size_label': 'XL', 'description': 'Size entry UPDATE: XL for Theory', 'measurements': {'neck': None, 'chest': '42.0-44.0', 'waist': None, 'sleeve': '35.0-35.5'}, 'size_guide_id': 11}",2025-07-27 02:28:12.224954
62,1,UPDATE,size_guide_entries,22,Size entry UPDATE: XS for Banana Republic,"{'category': 'Tops', 'entry_id': 22, 'brand_name': 'Banana Republic', 'size_label': 'XS', 'description': 'Size entry UPDATE: XS for Banana Republic', 'measurements': {'neck': '13-13.5', 'chest': '34-35', 'waist': '27-28', 'sleeve': '32-32'}, 'size_guide_id': 8}",2025-07-23 15:08:17.510110
63,1,UPDATE,size_guide_entries,23,Size entry UPDATE: S for Banana Republic,"{'category': 'Tops', 'entry_id': 23, 'brand_name': 'Banana Republic', 'size_label': 'S', 'description': 'Size entry UPDATE: S for Banana Republic', 'measurements': {'neck': '14-14.5', 'chest': '36-37', 'waist': '29-31', 'sleeve': '33-33'}, 'size_guide_id': 8}",2025-07-23 15:08:17.510110
64,1,UPDATE,size_guide_entries,24,Size entry UPDATE: M for Banana Republic,"{'category': 'Tops', 'entry_id': 24, 'brand_name': 'Banana Republic', 'size_label': 'M', 'description': 'Size entry UPDATE: M for Banana Republic', 'measurements': {'neck': '15-15.5', 'chest': '38-40', 'waist': '32-33', 'sleeve': '34-34'}, 'size_guide_id': 8}",2025-07-23 15:08:17.510110
65,1,UPDATE,size_guide_entries,25,Size entry UPDATE: L for Banana Republic,"{'category': 'Tops', 'entry_id': 25, 'brand_name': 'Banana Republic', 'size_label': 'L', 'description': 'Size entry UPDATE: L for Banana Republic', 'measurements': {'neck': '16-16.5', 'chest': '41-44', 'waist': '34-35', 'sleeve': '35-35'}, 'size_guide_id': 8}",2025-07-23 15:08:17.510110
66,1,UPDATE,size_guide_entries,26,Size entry UPDATE: XL for Banana Republic,"{'category': 'Tops', 'entry_id': 26, 'brand_name': 'Banana Republic', 'size_label': 'XL', 'description': 'Size entry UPDATE: XL for Banana Republic', 'measurements': {'neck': '17-17.5', 'chest': '45-48', 'waist': '36-37', 'sleeve': '35.5-35.5'}, 'size_guide_id': 8}",2025-07-23 15:08:17.510110
67,1,UPDATE,size_guide_entries,27,Size entry UPDATE: XXL for Banana Republic,"{'category': 'Tops', 'entry_id': 27, 'brand_name': 'Banana Republic', 'size_label': 'XXL', 'description': 'Size entry UPDATE: XXL for Banana Republic', 'measurements': {'neck': '18-18.5', 'chest': '49-52', 'waist': '38-39', 'sleeve': '36-36'}, 'size_guide_id': 8}",2025-07-23 15:08:17.510110
68,1,UPDATE,size_guide_entries,28,Size entry UPDATE: S for NN.07,"{'category': 'Tops', 'entry_id': 28, 'brand_name': 'NN.07', 'size_label': 'S', 'description': 'Size entry UPDATE: S for NN.07', 'measurements': {'neck': None, 'chest': '39.4-39.4', 'waist': None, 'sleeve': '34.6-34.6'}, 'size_guide_id': 9}",2025-07-23 15:08:17.510110
69,1,UPDATE,size_guide_entries,29,Size entry UPDATE: M for NN.07,"{'category': 'Tops', 'entry_id': 29, 'brand_name': 'NN.07', 'size_label': 'M', 'description': 'Size entry UPDATE: M for NN.07', 'measurements': {'neck': None, 'chest': '41.0-41.0', 'waist': None, 'sleeve': '35.0-35.0'}, 'size_guide_id': 9}",2025-07-23 15:08:17.510110
70,1,UPDATE,size_guide_entries,30,Size entry UPDATE: L for NN.07,"{'category': 'Tops', 'entry_id': 30, 'brand_name': 'NN.07', 'size_label': 'L', 'description': 'Size entry UPDATE: L for NN.07', 'measurements': {'neck': None, 'chest': '42.6-42.6', 'waist': None, 'sleeve': '35.4-35.4'}, 'size_guide_id': 9}",2025-07-23 15:08:17.510110
71,1,UPDATE,size_guide_entries,31,Size entry UPDATE: XL for NN.07,"{'category': 'Tops', 'entry_id': 31, 'brand_name': 'NN.07', 'size_label': 'XL', 'description': 'Size entry UPDATE: XL for NN.07', 'measurements': {'neck': None, 'chest': '44.0-44.0', 'waist': None, 'sleeve': '35.8-35.8'}, 'size_guide_id': 9}",2025-07-23 15:08:17.510110
72,1,UPDATE,size_guide_entries,32,Size entry UPDATE: XXL for NN.07,"{'category': 'Tops', 'entry_id': 32, 'brand_name': 'NN.07', 'size_label': 'XXL', 'description': 'Size entry UPDATE: XXL for NN.07', 'measurements': {'neck': None, 'chest': '46.4-46.4', 'waist': None, 'sleeve': '36.2-36.2'}, 'size_guide_id': 9}",2025-07-23 15:08:17.510110
73,1,UPDATE,size_guide_entries,33,Size entry UPDATE: XS for Faherty,"{'category': 'Tops', 'entry_id': 33, 'brand_name': 'Faherty', 'size_label': 'XS', 'description': 'Size entry UPDATE: XS for Faherty', 'measurements': {'neck': '14-14', 'chest': '34-36', 'waist': '26-28', 'sleeve': '32.5-33'}, 'size_guide_id': 10}",2025-07-23 15:08:17.510110
74,1,UPDATE,size_guide_entries,34,Size entry UPDATE: S for Faherty,"{'category': 'Tops', 'entry_id': 34, 'brand_name': 'Faherty', 'size_label': 'S', 'description': 'Size entry UPDATE: S for Faherty', 'measurements': {'neck': '14-14.5', 'chest': '37-39', 'waist': '28-30', 'sleeve': '32.5-34'}, 'size_guide_id': 10}",2025-07-23 15:08:17.510110
75,1,UPDATE,size_guide_entries,35,Size entry UPDATE: M for Faherty,"{'category': 'Tops', 'entry_id': 35, 'brand_name': 'Faherty', 'size_label': 'M', 'description': 'Size entry UPDATE: M for Faherty', 'measurements': {'neck': '15-15.5', 'chest': '40-41', 'waist': '31-33', 'sleeve': '34-35'}, 'size_guide_id': 10}",2025-07-23 15:08:17.510110
76,1,UPDATE,size_guide_entries,36,Size entry UPDATE: L for Faherty,"{'category': 'Tops', 'entry_id': 36, 'brand_name': 'Faherty', 'size_label': 'L', 'description': 'Size entry UPDATE: L for Faherty', 'measurements': {'neck': '16-16.5', 'chest': '42-44', 'waist': '34-36', 'sleeve': '35-36'}, 'size_guide_id': 10}",2025-07-23 15:08:17.510110
77,1,UPDATE,size_guide_entries,37,Size entry UPDATE: XL for Faherty,"{'category': 'Tops', 'entry_id': 37, 'brand_name': 'Faherty', 'size_label': 'XL', 'description': 'Size entry UPDATE: XL for Faherty', 'measurements': {'neck': '17-17.5', 'chest': '45-47', 'waist': '37-39', 'sleeve': '36-36.5'}, 'size_guide_id': 10}",2025-07-23 15:08:17.510110
78,1,UPDATE,size_guide_entries,38,Size entry UPDATE: XXL for Faherty,"{'category': 'Tops', 'entry_id': 38, 'brand_name': 'Faherty', 'size_label': 'XXL', 'description': 'Size entry UPDATE: XXL for Faherty', 'measurements': {'neck': '18-18.5', 'chest': '48-51', 'waist': '40-43', 'sleeve': '36.5-37'}, 'size_guide_id': 10}",2025-07-23 15:08:17.510110
79,1,UPDATE,size_guide_entries,39,Size entry UPDATE: XXXL for Faherty,"{'category': 'Tops', 'entry_id': 39, 'brand_name': 'Faherty', 'size_label': 'XXXL', 'description': 'Size entry UPDATE: XXXL for Faherty', 'measurements': {'neck': '19-19.5', 'chest': '52-54', 'waist': '44-47', 'sleeve': '37.5-38'}, 'size_guide_id': 10}",2025-07-23 15:08:17.510110
80,1,UPDATE,size_guides,5,Size guide UPDATE: Lululemon Male Tops,"{'gender': 'Male', 'category': 'Tops', 'fit_type': 'NA', 'brand_name': 'Lululemon', 'source_url': 'https://shop.lululemon.com/help/size-guide/mens', 'description': 'Size guide UPDATE: Lululemon Male Tops', 'size_guide_id': 5}",2025-07-24 21:21:27.013458
81,1,UPDATE,size_guides,6,Size guide UPDATE: Patagonia Male Tops,"{'gender': 'Male', 'category': 'Tops', 'fit_type': 'NA', 'brand_name': 'Patagonia', 'source_url': 'https://www.patagonia.com/guides/size-fit/mens/', 'description': 'Size guide UPDATE: Patagonia Male Tops', 'size_guide_id': 6}",2025-07-24 21:21:27.013458
82,1,UPDATE,size_guides,10,Size guide UPDATE: Faherty Male Tops,"{'gender': 'Male', 'category': 'Tops', 'fit_type': 'NA', 'brand_name': 'Faherty', 'source_url': 'https://fahertybrand.com/pages/size-guide?srsltid=AfmBOorv1ix_wQbpy1-Hg7dc2IlMdCqDDshVnXxkHYHQm4N76-CzTmhC', 'description': 'Size guide UPDATE: Faherty Male Tops', 'size_guide_id': 10}",2025-07-24 21:21:27.013458
83,1,CREATE_BRAND,brands,9,Created brand: Theory,"{'brand_name': 'Theory', 'default_unit': 'in'}",2025-07-26 14:44:09.667434
84,1,INSERT,size_guides,11,Size guide INSERT: Theory Male Tops,"{'gender': 'Male', 'category': 'Tops', 'fit_type': 'Regular', 'brand_name': 'Theory', 'source_url': 'https://www.theory.com/brenan-polo-shirt-in-pacific-linen/P0583702_100.html', 'description': 'Size guide INSERT: Theory Male Tops', 'size_guide_id': 11}",2025-07-26 14:51:06.843949
85,1,INSERT,size_guide_entries,40,Size entry INSERT: XS for Theory,"{'category': 'Tops', 'entry_id': 40, 'brand_name': 'Theory', 'size_label': 'XS', 'description': 'Size entry INSERT: XS for Theory', 'measurements': {'neck': None, 'chest': '34.0-36.0', 'waist': None, 'sleeve': '33.0-33.5'}, 'size_guide_id': 11}",2025-07-26 14:51:15.579757
86,1,INSERT,size_guide_entries,41,Size entry INSERT: S for Theory,"{'category': 'Tops', 'entry_id': 41, 'brand_name': 'Theory', 'size_label': 'S', 'description': 'Size entry INSERT: S for Theory', 'measurements': {'neck': None, 'chest': '36.0-38.0', 'waist': None, 'sleeve': '33.5-34.0'}, 'size_guide_id': 11}",2025-07-26 14:51:15.579757
87,1,INSERT,size_guide_entries,42,Size entry INSERT: M for Theory,"{'category': 'Tops', 'entry_id': 42, 'brand_name': 'Theory', 'size_label': 'M', 'description': 'Size entry INSERT: M for Theory', 'measurements': {'neck': None, 'chest': '38.0-40.0', 'waist': None, 'sleeve': '34.0-34.5'}, 'size_guide_id': 11}",2025-07-26 14:51:15.579757
88,1,INSERT,size_guide_entries,43,Size entry INSERT: L for Theory,"{'category': 'Tops', 'entry_id': 43, 'brand_name': 'Theory', 'size_label': 'L', 'description': 'Size entry INSERT: L for Theory', 'measurements': {'neck': None, 'chest': '40.0-42.0', 'waist': None, 'sleeve': '34.5-35.0'}, 'size_guide_id': 11}",2025-07-26 14:51:15.579757
89,1,INSERT,size_guide_entries,44,Size entry INSERT: XL for Theory,"{'category': 'Tops', 'entry_id': 44, 'brand_name': 'Theory', 'size_label': 'XL', 'description': 'Size entry INSERT: XL for Theory', 'measurements': {'neck': None, 'chest': '42.0-44.0', 'waist': None, 'sleeve': '35.0-35.5'}, 'size_guide_id': 11}",2025-07-26 14:51:15.579757
90,1,INSERT,size_guide_entries,45,Size entry INSERT: XXL for Theory,"{'category': 'Tops', 'entry_id': 45, 'brand_name': 'Theory', 'size_label': 'XXL', 'description': 'Size entry INSERT: XXL for Theory', 'measurements': {'neck': None, 'chest': '44.0-46.0', 'waist': None, 'sleeve': '35.5-36.0'}, 'size_guide_id': 11}",2025-07-26 14:51:15.579757
91,1,INSERT,size_guides,12,Size guide INSERT: Reiss Male Tops,"{'gender': 'Male', 'category': 'Tops', 'fit_type': 'NA', 'brand_name': 'Reiss', 'source_url': 'https://www.reiss.com/style/st995959/c09907', 'description': 'Size guide INSERT: Reiss Male Tops', 'size_guide_id': 12}",2025-07-27 02:12:38.536136
92,1,INSERT,size_guide_entries,46,Size entry INSERT: XS for Reiss,"{'category': 'Tops', 'entry_id': 46, 'brand_name': 'Reiss', 'size_label': 'XS', 'description': 'Size entry INSERT: XS for Reiss', 'measurements': {'neck': '14.5-14.5', 'chest': '34-34', 'waist': None, 'sleeve': None}, 'size_guide_id': 12}",2025-07-27 02:12:52.484702
93,1,INSERT,size_guide_entries,47,Size entry INSERT: S for Reiss,"{'category': 'Tops', 'entry_id': 47, 'brand_name': 'Reiss', 'size_label': 'S', 'description': 'Size entry INSERT: S for Reiss', 'measurements': {'neck': '15-15', 'chest': '36-36', 'waist': None, 'sleeve': None}, 'size_guide_id': 12}",2025-07-27 02:12:52.484702
94,1,INSERT,size_guide_entries,48,Size entry INSERT: M for Reiss,"{'category': 'Tops', 'entry_id': 48, 'brand_name': 'Reiss', 'size_label': 'M', 'description': 'Size entry INSERT: M for Reiss', 'measurements': {'neck': '15.5-15.5', 'chest': '38-38', 'waist': None, 'sleeve': None}, 'size_guide_id': 12}",2025-07-27 02:12:52.484702
95,1,INSERT,size_guide_entries,49,Size entry INSERT: L for Reiss,"{'category': 'Tops', 'entry_id': 49, 'brand_name': 'Reiss', 'size_label': 'L', 'description': 'Size entry INSERT: L for Reiss', 'measurements': {'neck': '16-16', 'chest': '40-40', 'waist': None, 'sleeve': None}, 'size_guide_id': 12}",2025-07-27 02:12:52.484702
96,1,INSERT,size_guide_entries,50,Size entry INSERT: XL for Reiss,"{'category': 'Tops', 'entry_id': 50, 'brand_name': 'Reiss', 'size_label': 'XL', 'description': 'Size entry INSERT: XL for Reiss', 'measurements': {'neck': '16.5-16.5', 'chest': '42-42', 'waist': None, 'sleeve': None}, 'size_guide_id': 12}",2025-07-27 02:12:52.484702
97,1,INSERT,size_guide_entries,51,Size entry INSERT: XXL for Reiss,"{'category': 'Tops', 'entry_id': 51, 'brand_name': 'Reiss', 'size_label': 'XXL', 'description': 'Size entry INSERT: XXL for Reiss', 'measurements': {'neck': '17-17', 'chest': '44-44', 'waist': None, 'sleeve': None}, 'size_guide_id': 12}",2025-07-27 02:12:52.484702
98,1,INSERT,size_guide_entries,52,Size entry INSERT: 3XL for Reiss,"{'category': 'Tops', 'entry_id': 52, 'brand_name': 'Reiss', 'size_label': '3XL', 'description': 'Size entry INSERT: 3XL for Reiss', 'measurements': {'neck': '18-18', 'chest': '46-46', 'waist': None, 'sleeve': None}, 'size_guide_id': 12}",2025-07-27 02:12:52.484702
99,1,UPDATE,size_guides,12,Size guide UPDATE: Reiss Male Tops,"{'gender': 'Male', 'category': 'Tops', 'fit_type': 'NA', 'brand_name': 'Reiss', 'source_url': 'https://www.reiss.com/style/st995959/c09907', 'description': 'Size guide UPDATE: Reiss Male Tops', 'size_guide_id': 12}",2025-07-27 02:19:42.144190
100,1,UPDATE,size_guide_entries,40,Size entry UPDATE: XS for Theory,"{'category': 'Tops', 'entry_id': 40, 'brand_name': 'Theory', 'size_label': 'XS', 'description': 'Size entry UPDATE: XS for Theory', 'measurements': {'neck': None, 'chest': '34.0-36.0', 'waist': None, 'sleeve': '33.0-33.5'}, 'size_guide_id': 11}",2025-07-27 02:28:12.224954
101,1,UPDATE,size_guide_entries,41,Size entry UPDATE: S for Theory,"{'category': 'Tops', 'entry_id': 41, 'brand_name': 'Theory', 'size_label': 'S', 'description': 'Size entry UPDATE: S for Theory', 'measurements': {'neck': None, 'chest': '36.0-38.0', 'waist': None, 'sleeve': '33.5-34.0'}, 'size_guide_id': 11}",2025-07-27 02:28:12.224954
102,1,UPDATE,size_guide_entries,42,Size entry UPDATE: M for Theory,"{'category': 'Tops', 'entry_id': 42, 'brand_name': 'Theory', 'size_label': 'M', 'description': 'Size entry UPDATE: M for Theory', 'measurements': {'neck': None, 'chest': '38.0-40.0', 'waist': None, 'sleeve': '34.0-34.5'}, 'size_guide_id': 11}",2025-07-27 02:28:12.224954
103,1,UPDATE,size_guide_entries,43,Size entry UPDATE: L for Theory,"{'category': 'Tops', 'entry_id': 43, 'brand_name': 'Theory', 'size_label': 'L', 'description': 'Size entry UPDATE: L for Theory', 'measurements': {'neck': None, 'chest': '40.0-42.0', 'waist': None, 'sleeve': '34.5-35.0'}, 'size_guide_id': 11}",2025-07-27 02:28:12.224954
105,1,UPDATE,size_guide_entries,45,Size entry UPDATE: XXL for Theory,"{'category': 'Tops', 'entry_id': 45, 'brand_name': 'Theory', 'size_label': 'XXL', 'description': 'Size entry UPDATE: XXL for Theory', 'measurements': {'neck': None, 'chest': '44.0-46.0', 'waist': None, 'sleeve': '35.5-36.0'}, 'size_guide_id': 11}",2025-07-27 02:28:12.224954
106,1,UPDATE,size_guide_entries,46,Size entry UPDATE: XS for Reiss,"{'category': 'Tops', 'entry_id': 46, 'brand_name': 'Reiss', 'size_label': 'XS', 'description': 'Size entry UPDATE: XS for Reiss', 'measurements': {'neck': '14.5-14.5', 'chest': '34-34', 'waist': None, 'sleeve': None}, 'size_guide_id': 12}",2025-07-27 02:28:12.224954
107,1,UPDATE,size_guide_entries,47,Size entry UPDATE: S for Reiss,"{'category': 'Tops', 'entry_id': 47, 'brand_name': 'Reiss', 'size_label': 'S', 'description': 'Size entry UPDATE: S for Reiss', 'measurements': {'neck': '15-15', 'chest': '36-36', 'waist': None, 'sleeve': None}, 'size_guide_id': 12}",2025-07-27 02:28:12.224954
108,1,UPDATE,size_guide_entries,48,Size entry UPDATE: M for Reiss,"{'category': 'Tops', 'entry_id': 48, 'brand_name': 'Reiss', 'size_label': 'M', 'description': 'Size entry UPDATE: M for Reiss', 'measurements': {'neck': '15.5-15.5', 'chest': '38-38', 'waist': None, 'sleeve': None}, 'size_guide_id': 12}",2025-07-27 02:28:12.224954
109,1,UPDATE,size_guide_entries,49,Size entry UPDATE: L for Reiss,"{'category': 'Tops', 'entry_id': 49, 'brand_name': 'Reiss', 'size_label': 'L', 'description': 'Size entry UPDATE: L for Reiss', 'measurements': {'neck': '16-16', 'chest': '40-40', 'waist': None, 'sleeve': None}, 'size_guide_id': 12}",2025-07-27 02:28:12.224954
110,1,UPDATE,size_guide_entries,50,Size entry UPDATE: XL for Reiss,"{'category': 'Tops', 'entry_id': 50, 'brand_name': 'Reiss', 'size_label': 'XL', 'description': 'Size entry UPDATE: XL for Reiss', 'measurements': {'neck': '16.5-16.5', 'chest': '42-42', 'waist': None, 'sleeve': None}, 'size_guide_id': 12}",2025-07-27 02:28:12.224954
111,1,UPDATE,size_guide_entries,51,Size entry UPDATE: XXL for Reiss,"{'category': 'Tops', 'entry_id': 51, 'brand_name': 'Reiss', 'size_label': 'XXL', 'description': 'Size entry UPDATE: XXL for Reiss', 'measurements': {'neck': '17-17', 'chest': '44-44', 'waist': None, 'sleeve': None}, 'size_guide_id': 12}",2025-07-27 02:28:12.224954
112,1,UPDATE,size_guide_entries,52,Size entry UPDATE: 3XL for Reiss,"{'category': 'Tops', 'entry_id': 52, 'brand_name': 'Reiss', 'size_label': '3XL', 'description': 'Size entry UPDATE: 3XL for Reiss', 'measurements': {'neck': '18-18', 'chest': '46-46', 'waist': None, 'sleeve': None}, 'size_guide_id': 12}",2025-07-27 02:28:12.224954
113,1,UPDATE,size_guides,11,Size guide UPDATE: Theory Male Tops,"{'gender': 'Male', 'category': 'Tops', 'fit_type': 'Regular', 'brand_name': 'Theory', 'source_url': 'https://www.theory.com/brenan-polo-shirt-in-pacific-linen/P0583702_100.html', 'description': 'Size guide UPDATE: Theory Male Tops', 'size_guide_id': 11}",2025-07-27 02:30:06.449826
114,1,UPDATE,size_guides,6,Size guide UPDATE: Patagonia Male Tops,"{'gender': 'Male', 'category': 'Tops', 'fit_type': 'NA', 'brand_name': 'Patagonia', 'source_url': 'https://www.patagonia.com/guides/size-fit/mens/', 'description': 'Size guide UPDATE: Patagonia Male Tops', 'size_guide_id': 6}",2025-07-27 02:30:39.049633
115,1,UPDATE,size_guides,7,Size guide UPDATE: J.Crew Male Tops,"{'gender': 'Male', 'category': 'Tops', 'fit_type': 'Regular', 'brand_name': 'J.Crew', 'source_url': 'https://www.jcrew.com/r/size-charts?srsltid=AfmBOopqcNu-xPNkyQarb8xjFWzzAEt7ccMkhtJKvHMjb1H2DYUn84hO', 'description': 'Size guide UPDATE: J.Crew Male Tops', 'size_guide_id': 7}",2025-07-27 02:30:48.165865
116,1,UPDATE,size_guides,8,Size guide UPDATE: Banana Republic Male Tops,"{'gender': 'Male', 'category': 'Tops', 'fit_type': 'Regular', 'brand_name': 'Banana Republic', 'source_url': 'https://bananarepublic.gap.com/browse/info.do?cid=35404', 'description': 'Size guide UPDATE: Banana Republic Male Tops', 'size_guide_id': 8}",2025-07-27 02:30:53.146065
117,1,UPDATE,size_guides,10,Size guide UPDATE: Faherty Male Tops,"{'gender': 'Male', 'category': 'Tops', 'fit_type': 'NA', 'brand_name': 'Faherty', 'source_url': 'https://fahertybrand.com/pages/size-guide?srsltid=AfmBOorv1ix_wQbpy1-Hg7dc2IlMdCqDDshVnXxkHYHQm4N76-CzTmhC', 'description': 'Size guide UPDATE: Faherty Male Tops', 'size_guide_id': 10}",2025-07-27 02:31:11.137508
118,1,UPDATE,size_guides,11,Size guide UPDATE: Theory Male Tops,"{'gender': 'Male', 'category': 'Tops', 'fit_type': 'Regular', 'brand_name': 'Theory', 'source_url': 'https://www.theory.com/brenan-polo-shirt-in-pacific-linen/P0583702_100.html', 'description': 'Size guide UPDATE: Theory Male Tops', 'size_guide_id': 11}",2025-07-27 02:31:20.633498
119,1,UPDATE,size_guides,5,Size guide UPDATE: Lululemon Male Tops,"{'gender': 'Male', 'category': 'Tops', 'fit_type': 'NA', 'brand_name': 'Lululemon', 'source_url': 'https://shop.lululemon.com/help/size-guide/mens', 'description': 'Size guide UPDATE: Lululemon Male Tops', 'size_guide_id': 5}",2025-07-27 02:31:36.481523
120,1,INSERT,size_guide_entries,54,Size entry INSERT: TEST_SIZE for NN.07,"{'category': 'Tops', 'entry_id': 54, 'brand_name': 'NN.07', 'size_label': 'TEST_SIZE', 'description': 'Size entry INSERT: TEST_SIZE for NN.07', 'measurements': {'neck': None, 'chest': '40-42', 'waist': '32-34', 'sleeve': None}, 'size_guide_id': 9}",2025-07-27 02:32:07.672153
122,1,INSERT,size_guides,13,Size guide INSERT: Lacoste Male Tops,"{'gender': 'Male', 'category': 'Tops', 'fit_type': 'Regular', 'brand_name': 'Lacoste', 'source_url': 'https://www.lacoste.com/us/lacoste/men/clothing/button-down-shirts/CH3346-51-DPC.html', 'description': 'Size guide INSERT: Lacoste Male Tops', 'size_guide_id': 13}",2025-08-08 19:37:28.071296
123,1,INSERT,size_guide_entries,55,Size entry INSERT: S for Lacoste,"{'category': 'Tops', 'entry_id': 55, 'brand_name': 'Lacoste', 'size_label': 'S', 'description': 'Size entry INSERT: S for Lacoste', 'measurements': {'neck': '15.0-15.5', 'chest': '39.0-41.0', 'waist': '36.0-37.0', 'sleeve': None}, 'size_guide_id': 13}",2025-08-08 19:37:28.071296
124,1,INSERT,size_guide_entries,56,Size entry INSERT: M for Lacoste,"{'category': 'Tops', 'entry_id': 56, 'brand_name': 'Lacoste', 'size_label': 'M', 'description': 'Size entry INSERT: M for Lacoste', 'measurements': {'neck': '15.5-16.0', 'chest': '41.0-42.0', 'waist': '37.0-38.0', 'sleeve': None}, 'size_guide_id': 13}",2025-08-08 19:37:28.071296
125,1,INSERT,size_guide_entries,57,Size entry INSERT: L for Lacoste,"{'category': 'Tops', 'entry_id': 57, 'brand_name': 'Lacoste', 'size_label': 'L', 'description': 'Size entry INSERT: L for Lacoste', 'measurements': {'neck': '16.0-16.0', 'chest': '43.0-43.0', 'waist': '38.0-38.0', 'sleeve': None}, 'size_guide_id': 13}",2025-08-08 19:37:28.071296
126,1,INSERT,size_guide_entries,58,Size entry INSERT: XL for Lacoste,"{'category': 'Tops', 'entry_id': 58, 'brand_name': 'Lacoste', 'size_label': 'XL', 'description': 'Size entry INSERT: XL for Lacoste', 'measurements': {'neck': '16.5-17.0', 'chest': '44.0-46.0', 'waist': '39.0-40.0', 'sleeve': None}, 'size_guide_id': 13}",2025-08-08 19:37:28.071296
127,1,INSERT,size_guide_entries,59,Size entry INSERT: XXL for Lacoste,"{'category': 'Tops', 'entry_id': 59, 'brand_name': 'Lacoste', 'size_label': 'XXL', 'description': 'Size entry INSERT: XXL for Lacoste', 'measurements': {'neck': '17.0-17.5', 'chest': '46.0-48.0', 'waist': '40.0-42.0', 'sleeve': None}, 'size_guide_id': 13}",2025-08-08 19:37:28.071296
128,1,UPDATE,size_guides,13,Size guide UPDATE: Lacoste Male Tops,"{'gender': 'Male', 'category': 'Tops', 'fit_type': 'Regular', 'brand_name': 'Lacoste', 'source_url': 'https://www.lacoste.com/us/lacoste/men/clothing/button-down-shirts/CH3346-51-DPC.html', 'description': 'Size guide UPDATE: Lacoste Male Tops', 'size_guide_id': 13}",2025-08-08 19:37:28.071296
129,1,DELETE,size_guide_entries,,,"{'category': None, 'entry_id': None, 'brand_name': None, 'size_label': None, 'description': None, 'measurements': {'neck': None, 'chest': None, 'waist': None, 'sleeve': None}, 'size_guide_id': None}",2025-08-08 19:44:49.812115
130,1,DELETE,size_guide_entries,,,"{'category': None, 'entry_id': None, 'brand_name': None, 'size_label': None, 'description': None, 'measurements': {'neck': None, 'chest': None, 'waist': None, 'sleeve': None}, 'size_guide_id': None}",2025-08-08 19:44:49.812115
131,1,DELETE,size_guide_entries,,,"{'category': None, 'entry_id': None, 'brand_name': None, 'size_label': None, 'description': None, 'measurements': {'neck': None, 'chest': None, 'waist': None, 'sleeve': None}, 'size_guide_id': None}",2025-08-08 19:44:49.812115
132,1,DELETE,size_guide_entries,,,"{'category': None, 'entry_id': None, 'brand_name': None, 'size_label': None, 'description': None, 'measurements': {'neck': None, 'chest': None, 'waist': None, 'sleeve': None}, 'size_guide_id': None}",2025-08-08 19:44:49.812115
133,1,UPDATE,size_guides,13,Size guide UPDATE: Lacoste Male Tops,"{'gender': 'Male', 'category': 'Tops', 'fit_type': 'Regular', 'brand_name': 'Lacoste', 'source_url': 'https://www.lacoste.com/us/lacoste/men/clothing/button-down-shirts/CH3346-51-DPC.html', 'description': 'Size guide UPDATE: Lacoste Male Tops', 'size_guide_id': 13}",2025-08-08 19:44:49.812115
134,1,UPDATE,size_guides,10,Size guide UPDATE: Faherty Male Tops,"{'gender': 'Male', 'category': 'Tops', 'fit_type': 'NA', 'brand_name': 'Faherty', 'source_url': 'https://fahertybrand.com/pages/size-guide?srsltid=AfmBOorv1ix_wQbpy1-Hg7dc2IlMdCqDDshVnXxkHYHQm4N76-CzTmhC', 'description': 'Size guide UPDATE: Faherty Male Tops', 'size_guide_id': 10}",2025-08-08 20:51:02.621379
135,1,UPDATE,size_guides,6,Size guide UPDATE: Patagonia Male Tops,"{'gender': 'Male', 'category': 'Tops', 'fit_type': 'NA', 'brand_name': 'Patagonia', 'source_url': 'https://www.patagonia.com/guides/size-fit/mens/', 'description': 'Size guide UPDATE: Patagonia Male Tops', 'size_guide_id': 6}",2025-08-08 20:51:02.621379
136,1,UPDATE,size_guides,7,Size guide UPDATE: J.Crew Male Tops,"{'gender': 'Male', 'category': 'Tops', 'fit_type': 'Regular', 'brand_name': 'J.Crew', 'source_url': 'https://www.jcrew.com/r/size-charts?srsltid=AfmBOopqcNu-xPNkyQarb8xjFWzzAEt7ccMkhtJKvHMjb1H2DYUn84hO', 'description': 'Size guide UPDATE: J.Crew Male Tops', 'size_guide_id': 7}",2025-08-08 20:51:02.621379
137,1,UPDATE,size_guides,5,Size guide UPDATE: Lululemon Male Tops,"{'gender': 'Male', 'category': 'Tops', 'fit_type': 'NA', 'brand_name': 'Lululemon', 'source_url': 'https://shop.lululemon.com/help/size-guide/mens', 'description': 'Size guide UPDATE: Lululemon Male Tops', 'size_guide_id': 5}",2025-08-08 20:51:02.621379
138,1,UPDATE,size_guides,8,Size guide UPDATE: Banana Republic Male Tops,"{'gender': 'Male', 'category': 'Tops', 'fit_type': 'Regular', 'brand_name': 'Banana Republic', 'source_url': 'https://bananarepublic.gap.com/browse/info.do?cid=35404', 'description': 'Size guide UPDATE: Banana Republic Male Tops', 'size_guide_id': 8}",2025-08-08 20:51:02.621379
139,1,UPDATE,size_guides,12,Size guide UPDATE: Reiss Male Tops,"{'gender': 'Male', 'category': 'Tops', 'fit_type': 'NA', 'brand_name': 'Reiss', 'source_url': 'https://www.reiss.com/style/st995959/c09907', 'description': 'Size guide UPDATE: Reiss Male Tops', 'size_guide_id': 12}",2025-08-08 20:51:02.621379
140,1,UPDATE,size_guides,11,Size guide UPDATE: Theory Male Tops,"{'gender': 'Male', 'category': 'Tops', 'fit_type': 'Regular', 'brand_name': 'Theory', 'source_url': 'https://www.theory.com/brenan-polo-shirt-in-pacific-linen/P0583702_100.html', 'description': 'Size guide UPDATE: Theory Male Tops', 'size_guide_id': 11}",2025-08-08 20:51:02.621379
141,1,UPDATE,size_guides,9,Size guide UPDATE: NN.07 Male Tops,"{'gender': 'Male', 'category': 'Tops', 'fit_type': 'Regular', 'brand_name': 'NN.07', 'source_url': 'https://www.nn07.com/en/us/clive-3323-tee-egg-white?srsltid=AfmBOop652NdNa5TlEY4BqCYj9iwoIwoeRWJN0JT5s7PygSbNTiQ9Hs6', 'description': 'Size guide UPDATE: NN.07 Male Tops', 'size_guide_id': 9}",2025-08-08 20:51:02.621379
142,1,UPDATE,size_guides,13,Size guide UPDATE: Lacoste Male Tops,"{'gender': 'Male', 'category': 'Tops', 'fit_type': 'Regular', 'brand_name': 'Lacoste', 'source_url': 'https://www.lacoste.com/us/lacoste/men/clothing/button-down-shirts/CH3346-51-DPC.html', 'description': 'Size guide UPDATE: Lacoste Male Tops', 'size_guide_id': 13}",2025-08-08 20:51:02.621379
143,1,UPDATE,size_guides,12,Size guide UPDATE: Reiss Male Tops,"{'gender': 'Male', 'category': 'Tops', 'fit_type': 'NA', 'brand_name': 'Reiss', 'source_url': 'https://www.reiss.com/style/st995959/c09907', 'description': 'Size guide UPDATE: Reiss Male Tops', 'size_guide_id': 12}",2025-08-08 20:54:11.087666
144,1,UPDATE,size_guides,11,Size guide UPDATE: Theory Male Tops,"{'gender': 'Male', 'category': 'Tops', 'fit_type': 'Regular', 'brand_name': 'Theory', 'source_url': 'https://www.theory.com/brenan-polo-shirt-in-pacific-linen/P0583702_100.html', 'description': 'Size guide UPDATE: Theory Male Tops', 'size_guide_id': 11}",2025-08-08 20:54:11.087666
145,1,UPDATE,size_guides,8,Size guide UPDATE: Banana Republic Male Tops,"{'gender': 'Male', 'category': 'Tops', 'fit_type': 'Regular', 'brand_name': 'Banana Republic', 'source_url': 'https://bananarepublic.gap.com/browse/info.do?cid=35404', 'description': 'Size guide UPDATE: Banana Republic Male Tops', 'size_guide_id': 8}",2025-08-08 20:54:11.087666
146,1,UPDATE,size_guides,13,Size guide UPDATE: Lacoste Male Tops,"{'gender': 'Male', 'category': 'Tops', 'fit_type': 'Regular', 'brand_name': 'Lacoste', 'source_url': 'https://www.lacoste.com/us/lacoste/men/clothing/button-down-shirts/CH3346-51-DPC.html', 'description': 'Size guide UPDATE: Lacoste Male Tops', 'size_guide_id': 13}",2025-08-08 20:54:51.205763
147,1,DELETE,size_guide_entries,,,"{'category': None, 'entry_id': None, 'brand_name': None, 'size_label': None, 'description': None, 'measurements': {'neck': None, 'chest': None, 'waist': None, 'sleeve': None}, 'size_guide_id': None}",2025-08-08 20:54:51.205763
148,1,INSERT,size_guide_entries,60,Size entry INSERT: XS-S for Lacoste,"{'category': 'Tops', 'entry_id': 60, 'brand_name': 'Lacoste', 'size_label': 'XS-S', 'description': 'Size entry INSERT: XS-S for Lacoste', 'measurements': {'neck': '14-14', 'chest': '35-35', 'waist': '30-30', 'sleeve': None}, 'size_guide_id': 13}",2025-08-08 20:54:51.205763
149,1,INSERT,size_guide_entries,61,Size entry INSERT: S for Lacoste,"{'category': 'Tops', 'entry_id': 61, 'brand_name': 'Lacoste', 'size_label': 'S', 'description': 'Size entry INSERT: S for Lacoste', 'measurements': {'neck': '14.5-14.5', 'chest': '37-37', 'waist': '31-31', 'sleeve': None}, 'size_guide_id': 13}",2025-08-08 20:54:51.205763
150,1,INSERT,size_guide_entries,62,Size entry INSERT: S-M for Lacoste,"{'category': 'Tops', 'entry_id': 62, 'brand_name': 'Lacoste', 'size_label': 'S-M', 'description': 'Size entry INSERT: S-M for Lacoste', 'measurements': {'neck': '15-15', 'chest': '38-38', 'waist': '33-33', 'sleeve': None}, 'size_guide_id': 13}",2025-08-08 20:54:51.205763
151,1,INSERT,size_guide_entries,63,Size entry INSERT: M for Lacoste,"{'category': 'Tops', 'entry_id': 63, 'brand_name': 'Lacoste', 'size_label': 'M', 'description': 'Size entry INSERT: M for Lacoste', 'measurements': {'neck': '15.5-15.5', 'chest': '40-40', 'waist': '35-35', 'sleeve': None}, 'size_guide_id': 13}",2025-08-08 20:54:51.205763
152,1,INSERT,size_guide_entries,64,Size entry INSERT: M-L for Lacoste,"{'category': 'Tops', 'entry_id': 64, 'brand_name': 'Lacoste', 'size_label': 'M-L', 'description': 'Size entry INSERT: M-L for Lacoste', 'measurements': {'neck': '15.8-15.8', 'chest': '41-41', 'waist': '36-36', 'sleeve': None}, 'size_guide_id': 13}",2025-08-08 20:54:51.205763
153,1,INSERT,size_guide_entries,65,Size entry INSERT: L for Lacoste,"{'category': 'Tops', 'entry_id': 65, 'brand_name': 'Lacoste', 'size_label': 'L', 'description': 'Size entry INSERT: L for Lacoste', 'measurements': {'neck': '16-16', 'chest': '43-43', 'waist': '38-38', 'sleeve': None}, 'size_guide_id': 13}",2025-08-08 20:54:51.205763
154,1,INSERT,size_guide_entries,66,Size entry INSERT: L-XL for Lacoste,"{'category': 'Tops', 'entry_id': 66, 'brand_name': 'Lacoste', 'size_label': 'L-XL', 'description': 'Size entry INSERT: L-XL for Lacoste', 'measurements': {'neck': '16.7-16.7', 'chest': '44-44', 'waist': '39-39', 'sleeve': None}, 'size_guide_id': 13}",2025-08-08 20:54:51.205763
155,1,INSERT,size_guide_entries,67,Size entry INSERT: XL for Lacoste,"{'category': 'Tops', 'entry_id': 67, 'brand_name': 'Lacoste', 'size_label': 'XL', 'description': 'Size entry INSERT: XL for Lacoste', 'measurements': {'neck': '17-17', 'chest': '46-46', 'waist': '42-42', 'sleeve': None}, 'size_guide_id': 13}",2025-08-08 20:54:51.205763
156,1,INSERT,size_guide_entries,68,Size entry INSERT: XL-2XL for Lacoste,"{'category': 'Tops', 'entry_id': 68, 'brand_name': 'Lacoste', 'size_label': 'XL-2XL', 'description': 'Size entry INSERT: XL-2XL for Lacoste', 'measurements': {'neck': '17.5-17.5', 'chest': '48-48', 'waist': '44-44', 'sleeve': None}, 'size_guide_id': 13}",2025-08-08 20:54:51.205763
157,1,INSERT,size_guide_entries,69,Size entry INSERT: 2XL for Lacoste,"{'category': 'Tops', 'entry_id': 69, 'brand_name': 'Lacoste', 'size_label': '2XL', 'description': 'Size entry INSERT: 2XL for Lacoste', 'measurements': {'neck': '18-18', 'chest': '49-49', 'waist': '46-46', 'sleeve': None}, 'size_guide_id': 13}",2025-08-08 20:54:51.205763
158,1,INSERT,size_guide_entries,70,Size entry INSERT: 1XG for Lacoste,"{'category': 'Tops', 'entry_id': 70, 'brand_name': 'Lacoste', 'size_label': '1XG', 'description': 'Size entry INSERT: 1XG for Lacoste', 'measurements': {'neck': '18.7-18.7', 'chest': '53-53', 'waist': '50-50', 'sleeve': None}, 'size_guide_id': 13}",2025-08-08 20:54:51.205763
159,1,INSERT,size_guide_entries,71,Size entry INSERT: 2XG for Lacoste,"{'category': 'Tops', 'entry_id': 71, 'brand_name': 'Lacoste', 'size_label': '2XG', 'description': 'Size entry INSERT: 2XG for Lacoste', 'measurements': {'neck': '19.5-19.5', 'chest': '57-57', 'waist': '54-54', 'sleeve': None}, 'size_guide_id': 13}",2025-08-08 20:54:51.205763
160,1,UPDATE,size_guides,13,Size guide UPDATE: Lacoste Male Tops,"{'gender': 'Male', 'category': 'Tops', 'fit_type': 'Regular', 'brand_name': 'Lacoste', 'source_url': 'https://www.lacoste.com/us/sizeguide', 'description': 'Size guide UPDATE: Lacoste Male Tops', 'size_guide_id': 13}",2025-08-08 20:58:21.226919
161,1,INSERT,size_guides,14,Size guide INSERT: Uniqlo Male Tops,"{'gender': 'Male', 'category': 'Tops', 'fit_type': 'NA', 'brand_name': 'Uniqlo', 'source_url': 'https://www.uniqlo.com/us/en/size-guide', 'description': 'Size guide INSERT: Uniqlo Male Tops', 'size_guide_id': 14}",2025-08-09 14:56:28.837370
162,1,INSERT,size_guide_entries,72,Size entry INSERT: XXS for Uniqlo,"{'category': 'Tops', 'entry_id': 72, 'brand_name': 'Uniqlo', 'size_label': 'XXS', 'description': 'Size entry INSERT: XXS for Uniqlo', 'measurements': {'neck': None, 'chest': '31-33', 'waist': None, 'sleeve': None}, 'size_guide_id': 14}",2025-08-09 14:57:24.563324
163,1,INSERT,size_guide_entries,73,Size entry INSERT: XS for Uniqlo,"{'category': 'Tops', 'entry_id': 73, 'brand_name': 'Uniqlo', 'size_label': 'XS', 'description': 'Size entry INSERT: XS for Uniqlo', 'measurements': {'neck': None, 'chest': '32-35', 'waist': '26-28', 'sleeve': None}, 'size_guide_id': 14}",2025-08-09 14:57:24.563324
164,1,INSERT,size_guide_entries,74,Size entry INSERT: S for Uniqlo,"{'category': 'Tops', 'entry_id': 74, 'brand_name': 'Uniqlo', 'size_label': 'S', 'description': 'Size entry INSERT: S for Uniqlo', 'measurements': {'neck': None, 'chest': '35-38', 'waist': '27-30', 'sleeve': None}, 'size_guide_id': 14}",2025-08-09 14:57:24.563324
165,1,INSERT,size_guide_entries,75,Size entry INSERT: M for Uniqlo,"{'category': 'Tops', 'entry_id': 75, 'brand_name': 'Uniqlo', 'size_label': 'M', 'description': 'Size entry INSERT: M for Uniqlo', 'measurements': {'neck': None, 'chest': '38-41', 'waist': '30-33', 'sleeve': None}, 'size_guide_id': 14}",2025-08-09 14:57:24.563324
166,1,INSERT,size_guide_entries,76,Size entry INSERT: L for Uniqlo,"{'category': 'Tops', 'entry_id': 76, 'brand_name': 'Uniqlo', 'size_label': 'L', 'description': 'Size entry INSERT: L for Uniqlo', 'measurements': {'neck': None, 'chest': '41-44', 'waist': '33-36', 'sleeve': None}, 'size_guide_id': 14}",2025-08-09 14:57:24.563324
167,1,INSERT,size_guide_entries,77,Size entry INSERT: XL for Uniqlo,"{'category': 'Tops', 'entry_id': 77, 'brand_name': 'Uniqlo', 'size_label': 'XL', 'description': 'Size entry INSERT: XL for Uniqlo', 'measurements': {'neck': None, 'chest': '44-47', 'waist': '36-39', 'sleeve': None}, 'size_guide_id': 14}",2025-08-09 14:57:24.563324
168,1,INSERT,size_guide_entries,78,Size entry INSERT: XXL for Uniqlo,"{'category': 'Tops', 'entry_id': 78, 'brand_name': 'Uniqlo', 'size_label': 'XXL', 'description': 'Size entry INSERT: XXL for Uniqlo', 'measurements': {'neck': None, 'chest': '47-50', 'waist': '39-42', 'sleeve': None}, 'size_guide_id': 14}",2025-08-09 14:57:24.563324
169,1,INSERT,size_guide_entries,79,Size entry INSERT: 3XL for Uniqlo,"{'category': 'Tops', 'entry_id': 79, 'brand_name': 'Uniqlo', 'size_label': '3XL', 'description': 'Size entry INSERT: 3XL for Uniqlo', 'measurements': {'neck': None, 'chest': '50-53', 'waist': '42-45', 'sleeve': None}, 'size_guide_id': 14}",2025-08-09 14:57:24.563324
170,1,INSERT,size_guide_entries,80,Size entry INSERT: 4XL for Uniqlo,"{'category': 'Tops', 'entry_id': 80, 'brand_name': 'Uniqlo', 'size_label': '4XL', 'description': 'Size entry INSERT: 4XL for Uniqlo', 'measurements': {'neck': None, 'chest': None, 'waist': '45-48', 'sleeve': None}, 'size_guide_id': 14}",2025-08-09 14:57:24.563324
172,1,INSERT,size_guides,16,Size guide INSERT: Vuori Male Tops,"{'gender': 'Male', 'category': 'Tops', 'fit_type': 'Regular', 'brand_name': 'Vuori', 'source_url': 'https://vuoriclothing.com/size-guide', 'description': 'Size guide INSERT: Vuori Male Tops', 'size_guide_id': 16}",2025-08-09 17:38:49.682496
173,1,INSERT,size_guide_entries,82,Size entry INSERT: XXS for Vuori,"{'category': 'Tops', 'entry_id': 82, 'brand_name': 'Vuori', 'size_label': 'XXS', 'description': 'Size entry INSERT: XXS for Vuori', 'measurements': {'neck': None, 'chest': '33-35', 'waist': None, 'sleeve': None}, 'size_guide_id': 16}",2025-08-09 17:38:49.994125
174,1,INSERT,size_guide_entries,83,Size entry INSERT: XS for Vuori,"{'category': 'Tops', 'entry_id': 83, 'brand_name': 'Vuori', 'size_label': 'XS', 'description': 'Size entry INSERT: XS for Vuori', 'measurements': {'neck': None, 'chest': '33-35', 'waist': None, 'sleeve': None}, 'size_guide_id': 16}",2025-08-09 17:38:50.303035
175,1,INSERT,size_guide_entries,84,Size entry INSERT: S for Vuori,"{'category': 'Tops', 'entry_id': 84, 'brand_name': 'Vuori', 'size_label': 'S', 'description': 'Size entry INSERT: S for Vuori', 'measurements': {'neck': None, 'chest': '35-39', 'waist': None, 'sleeve': None}, 'size_guide_id': 16}",2025-08-09 17:38:50.616118
176,1,INSERT,size_guide_entries,85,Size entry INSERT: M for Vuori,"{'category': 'Tops', 'entry_id': 85, 'brand_name': 'Vuori', 'size_label': 'M', 'description': 'Size entry INSERT: M for Vuori', 'measurements': {'neck': None, 'chest': '39-41', 'waist': None, 'sleeve': None}, 'size_guide_id': 16}",2025-08-09 17:38:50.908614
177,1,INSERT,size_guide_entries,86,Size entry INSERT: L for Vuori,"{'category': 'Tops', 'entry_id': 86, 'brand_name': 'Vuori', 'size_label': 'L', 'description': 'Size entry INSERT: L for Vuori', 'measurements': {'neck': None, 'chest': '41-43', 'waist': None, 'sleeve': None}, 'size_guide_id': 16}",2025-08-09 17:38:51.221909
178,1,INSERT,size_guide_entries,87,Size entry INSERT: XL for Vuori,"{'category': 'Tops', 'entry_id': 87, 'brand_name': 'Vuori', 'size_label': 'XL', 'description': 'Size entry INSERT: XL for Vuori', 'measurements': {'neck': None, 'chest': '43-46', 'waist': None, 'sleeve': None}, 'size_guide_id': 16}",2025-08-09 17:38:51.529839
179,1,INSERT,size_guide_entries,88,Size entry INSERT: XXL for Vuori,"{'category': 'Tops', 'entry_id': 88, 'brand_name': 'Vuori', 'size_label': 'XXL', 'description': 'Size entry INSERT: XXL for Vuori', 'measurements': {'neck': None, 'chest': '46-49', 'waist': None, 'sleeve': None}, 'size_guide_id': 16}",2025-08-09 17:38:51.832851
180,1,INSERT,size_guide_entries,89,Size entry INSERT: 3XL for Vuori,"{'category': 'Tops', 'entry_id': 89, 'brand_name': 'Vuori', 'size_label': '3XL', 'description': 'Size entry INSERT: 3XL for Vuori', 'measurements': {'neck': None, 'chest': '49-52', 'waist': None, 'sleeve': None}, 'size_guide_id': 16}",2025-08-09 17:38:52.134848
181,1,UPDATE,size_guides,14,Size guide UPDATE: Uniqlo Male Tops,"{'gender': 'Male', 'category': 'Tops', 'fit_type': 'NA', 'brand_name': 'Uniqlo', 'source_url': 'https://www.uniqlo.com/us/en/products/E455365-000/00/size?sizeDisplayCode=003&measurementUnit=inch', 'description': 'Size guide UPDATE: Uniqlo Male Tops', 'size_guide_id': 14}",2025-08-10 00:36:44.999475
182,1,UPDATE,size_guides,16,Size guide UPDATE: Vuori Male Tops,"{'gender': 'Male', 'category': 'Tops', 'fit_type': 'Regular', 'brand_name': 'Vuori', 'source_url': 'https://vuoriclothing.com/size-guide', 'description': 'Size guide UPDATE: Vuori Male Tops', 'size_guide_id': 16}",2025-08-10 00:36:44.999475
183,1,UPDATE,size_guides,13,Size guide UPDATE: Lacoste Male Tops,"{'gender': 'Male', 'category': 'Tops', 'fit_type': 'Regular', 'brand_name': 'Lacoste', 'source_url': 'https://www.lacoste.com/us/sizeguide', 'description': 'Size guide UPDATE: Lacoste Male Tops', 'size_guide_id': 13}",2025-08-10 00:36:44.999475
184,1,UPDATE,size_guides,9,Size guide UPDATE: NN.07 Male Tops,"{'gender': 'Male', 'category': 'Tops', 'fit_type': 'Regular', 'brand_name': 'NN.07', 'source_url': 'https://www.nn07.com/en/us/clive-3323-tee-egg-white?srsltid=AfmBOop652NdNa5TlEY4BqCYj9iwoIwoeRWJN0JT5s7PygSbNTiQ9Hs6', 'description': 'Size guide UPDATE: NN.07 Male Tops', 'size_guide_id': 9}",2025-08-10 01:10:27.880415
199,1,DELETE,size_guide_entries,,,"{'category': None, 'entry_id': None, 'brand_name': None, 'size_label': None, 'description': None, 'measurements': {'neck': None, 'chest': None, 'waist': None, 'sleeve': None}, 'size_guide_id': None}",2025-08-10 01:20:59.393164
200,1,DELETE,size_guide_entries,,,"{'category': None, 'entry_id': None, 'brand_name': None, 'size_label': None, 'description': None, 'measurements': {'neck': None, 'chest': None, 'waist': None, 'sleeve': None}, 'size_guide_id': None}",2025-08-10 01:20:59.393164
201,1,DELETE,size_guide_entries,,,"{'category': None, 'entry_id': None, 'brand_name': None, 'size_label': None, 'description': None, 'measurements': {'neck': None, 'chest': None, 'waist': None, 'sleeve': None}, 'size_guide_id': None}",2025-08-10 01:20:59.393164
202,1,DELETE,size_guide_entries,,,"{'category': None, 'entry_id': None, 'brand_name': None, 'size_label': None, 'description': None, 'measurements': {'neck': None, 'chest': None, 'waist': None, 'sleeve': None}, 'size_guide_id': None}",2025-08-10 01:20:59.393164
203,1,DELETE,size_guide_entries,,,"{'category': None, 'entry_id': None, 'brand_name': None, 'size_label': None, 'description': None, 'measurements': {'neck': None, 'chest': None, 'waist': None, 'sleeve': None}, 'size_guide_id': None}",2025-08-10 01:20:59.393164
204,1,DELETE,size_guide_entries,,,"{'category': None, 'entry_id': None, 'brand_name': None, 'size_label': None, 'description': None, 'measurements': {'neck': None, 'chest': None, 'waist': None, 'sleeve': None}, 'size_guide_id': None}",2025-08-10 01:20:59.393164
205,1,DELETE,size_guides,,,"{'gender': None, 'category': None, 'fit_type': None, 'brand_name': None, 'source_url': None, 'description': None, 'size_guide_id': None}",2025-08-10 01:20:59.393164
206,1,UPDATE,size_guides,16,Size guide UPDATE: Vuori Male Tops,"{'gender': 'Male', 'category': 'Tops', 'fit_type': 'Regular', 'brand_name': 'Vuori', 'source_url': 'https://help.vuoriclothing.com/en_us/sizing-guide-B1gIWdsLw', 'description': 'Size guide UPDATE: Vuori Male Tops', 'size_guide_id': 16}",2025-08-10 03:29:18.997265
207,1,UPDATE,size_guides,10,Size guide UPDATE: Faherty Male Tops,"{'gender': 'Male', 'category': 'Tops', 'fit_type': 'NA', 'brand_name': 'Faherty', 'source_url': 'https://fahertybrand.com/pages/size-guide?srsltid=AfmBOorv1ix_wQbpy1-Hg7dc2IlMdCqDDshVnXxkHYHQm4N76-CzTmhC', 'description': 'Size guide UPDATE: Faherty Male Tops', 'size_guide_id': 10}",2025-08-10 04:22:11.200979
208,1,UPDATE,size_guides,8,Size guide UPDATE: Banana Republic Male Tops,"{'gender': 'Male', 'category': 'Tops', 'fit_type': 'Regular', 'brand_name': 'Banana Republic', 'source_url': 'https://bananarepublic.gap.com/browse/info.do?cid=35404', 'description': 'Size guide UPDATE: Banana Republic Male Tops', 'size_guide_id': 8}",2025-08-10 04:22:11.200979
209,1,UPDATE,size_guides,7,Size guide UPDATE: J.Crew Male Tops,"{'gender': 'Male', 'category': 'Tops', 'fit_type': 'Regular', 'brand_name': 'J.Crew', 'source_url': 'https://www.jcrew.com/r/size-charts?srsltid=AfmBOopqcNu-xPNkyQarb8xjFWzzAEt7ccMkhtJKvHMjb1H2DYUn84hO', 'description': 'Size guide UPDATE: J.Crew Male Tops', 'size_guide_id': 7}",2025-08-10 04:22:11.200979
210,1,UPDATE,size_guides,5,Size guide UPDATE: Lululemon Male Tops,"{'gender': 'Male', 'category': 'Tops', 'fit_type': 'NA', 'brand_name': 'Lululemon', 'source_url': 'https://shop.lululemon.com/help/size-guide/mens', 'description': 'Size guide UPDATE: Lululemon Male Tops', 'size_guide_id': 5}",2025-08-10 04:22:11.200979
211,1,UPDATE,size_guides,6,Size guide UPDATE: Patagonia Male Tops,"{'gender': 'Male', 'category': 'Tops', 'fit_type': 'NA', 'brand_name': 'Patagonia', 'source_url': 'https://www.patagonia.com/guides/size-fit/mens/', 'description': 'Size guide UPDATE: Patagonia Male Tops', 'size_guide_id': 6}",2025-08-10 04:22:11.200979
212,1,UPDATE,size_guides,11,Size guide UPDATE: Theory Male Tops,"{'gender': 'Male', 'category': 'Tops', 'fit_type': 'Regular', 'brand_name': 'Theory', 'source_url': 'https://www.theory.com/brenan-polo-shirt-in-pacific-linen/P0583702_100.html', 'description': 'Size guide UPDATE: Theory Male Tops', 'size_guide_id': 11}",2025-08-10 04:22:11.200979
213,1,UPDATE,size_guides,12,Size guide UPDATE: Reiss Male Tops,"{'gender': 'Male', 'category': 'Tops', 'fit_type': 'NA', 'brand_name': 'Reiss', 'source_url': 'https://www.reiss.com/style/st995959/c09907', 'description': 'Size guide UPDATE: Reiss Male Tops', 'size_guide_id': 12}",2025-08-10 04:22:11.200979
214,1,UPDATE,size_guides,13,Size guide UPDATE: Lacoste Male Tops,"{'gender': 'Male', 'category': 'Tops', 'fit_type': 'Regular', 'brand_name': 'Lacoste', 'source_url': 'https://www.lacoste.com/us/sizeguide', 'description': 'Size guide UPDATE: Lacoste Male Tops', 'size_guide_id': 13}",2025-08-10 04:22:11.200979
215,1,UPDATE,size_guides,16,Size guide UPDATE: Vuori Male Tops,"{'gender': 'Male', 'category': 'Tops', 'fit_type': 'Regular', 'brand_name': 'Vuori', 'source_url': 'https://help.vuoriclothing.com/en_us/sizing-guide-B1gIWdsLw', 'description': 'Size guide UPDATE: Vuori Male Tops', 'size_guide_id': 16}",2025-08-10 04:22:11.200979
216,1,UPDATE,size_guides,14,Size guide UPDATE: Uniqlo Male Tops,"{'gender': 'Male', 'category': 'Tops', 'fit_type': 'NA', 'brand_name': 'Uniqlo', 'source_url': 'https://www.uniqlo.com/us/en/products/E455365-000/00/size?sizeDisplayCode=003&measurementUnit=inch', 'description': 'Size guide UPDATE: Uniqlo Male Tops', 'size_guide_id': 14}",2025-08-10 04:22:11.200979
217,1,UPDATE,size_guides,16,Size guide UPDATE: Vuori Male Tops,"{'gender': 'Male', 'category': 'Tops', 'fit_type': 'Regular', 'brand_name': 'Vuori', 'source_url': 'https://help.vuoriclothing.com/en_us/sizing-guide-B1gIWdsLw', 'description': 'Size guide UPDATE: Vuori Male Tops', 'size_guide_id': 16}",2025-08-10 04:24:12.988152
